領域代碼	領域名稱	指標代碼	指標內容
語文領域/國語文	語文領域/國語文	國1-II-1	聆聽時能讓對方充分表達意見
語文領域/國語文	語文領域/國語文	國1-II-2	具備聆聽不同媒材的基本能力
語文領域/國語文	語文領域/國語文	國1-II-3	聽懂適合程度的詩歌、戲劇，並說出聆聽內容的要點。
語文領域/國語文	語文領域/國語文	國1-II-4	根據話語情境，分辨內容是否切題，理解主要內容和情感，並與對方互動。
語文領域/國語文	語文領域/國語文	國1-III-1	能夠聆聽他人的發言，並簡要記錄。
語文領域/國語文	語文領域/國語文	國1-III-2	根據演講、新聞話語情境及其情感，聽出不同語氣，理解對方所傳達的情意，表現適切的回應。
語文領域/國語文	語文領域/國語文	國1-III-3	判斷聆聽內容的合理性，並分辨事實或意見。
語文領域/國語文	語文領域/國語文	國1-III-4	結合科技與資訊，提升聆聽的效能。
語文領域/國語文	語文領域/國語文	國2-II-1	用清晰語音、適當語速和音量說話。
語文領域/國語文	語文領域/國語文	國2-II-2	運用適當詞語、正確語法表達想法。
語文領域/國語文	語文領域/國語文	國2-II-3	把握說話的重點與順序，對談時能做適當的回應。
語文領域/國語文	語文領域/國語文	國2-II-4	樂於參加討論，提供個人的觀點和意見。
語文領域/國語文	語文領域/國語文	國2-II-5	與他人溝通時能注重禮貌，並養成說話負責的態度。
語文領域/國語文	語文領域/國語文	國2-III-1	觀察生活情境的變化，培養個人感受和思維能力，積累說話材料。
語文領域/國語文	語文領域/國語文	國2-III-2	從聽聞內容進行判斷和提問，並做合理的應對。
語文領域/國語文	語文領域/國語文	國2-III-3	靈活運用詞句和說話技巧，豐富表達內容。
語文領域/國語文	語文領域/國語文	國2-III-4	運用語調、表情和肢體等變化輔助口語表達。
語文領域/國語文	語文領域/國語文	國2-III-5	把握說話內容的主題、重要細節與結構邏輯。
語文領域/國語文	語文領域/國語文	國2-III-6	結合科技與資訊，提升表達的效能。
語文領域/國語文	語文領域/國語文	國2-III-7	與他人溝通時能尊重不同意見。
語文領域/國語文	語文領域/國語文	國3-II-1	運用注音符號，理解生字新詞，提升閱讀效能。
語文領域/國語文	語文領域/國語文	國3-II-2	運用注音符號，檢索資訊，吸收新知。
語文領域/國語文	語文領域/國語文	國4-II-1	認識常用國字至少 1,800 字，使用 1,200 字。
語文領域/國語文	語文領域/國語文	國4-II-2	利用共同部件，擴大識字量。
語文領域/國語文	語文領域/國語文	國4-II-3	會利用書面或數位方式查字辭典，並能利用字辭典，分辨字詞義。
語文領域/國語文	語文領域/國語文	國4-II-4	能分辨形近、音近字詞，並正確使用。
語文領域/國語文	語文領域/國語文	國4-II-5	利用字義推論詞義。
語文領域/國語文	語文領域/國語文	國4-II-6	掌握偏旁變化和間架結構要領書寫正確及工整的硬筆字。
語文領域/國語文	語文領域/國語文	國4-II-7	習寫以硬筆字為主，毛筆為輔，掌握楷書筆畫的書寫方法。
語文領域/國語文	語文領域/國語文	國4-II-8	知道古今書法名家的故事。
語文領域/國語文	語文領域/國語文	國4-III-1	認識常用國字至少 2,700 字，使用 2,200 字。
語文領域/國語文	語文領域/國語文	國4-III-2	認識文字的字形結構，運用字的部件了解文字的字音與字義。
語文領域/國語文	語文領域/國語文	國4-III-3	運用字辭典、成語辭典等，擴充詞彙，分辨詞義。
語文領域/國語文	語文領域/國語文	國4-III-4	精熟偏旁變化和間架結構要領書寫正確及工整的硬筆字。
語文領域/國語文	語文領域/國語文	國4-III-5	習寫以硬筆字為主，毛筆為輔，掌握楷書形體結構的書寫方法。
語文領域/國語文	語文領域/國語文	國5-II-1	以適切的速率朗讀文本，表現抑揚頓挫與情感。
語文領域/國語文	語文領域/國語文	國5-II-2	理解各種標點符號的用法。
語文領域/國語文	語文領域/國語文	國5-II-3	讀懂與學習階段相符的文本。
語文領域/國語文	語文領域/國語文	國5-II-4	掌握句子和段落的意義與主要概念。
語文領域/國語文	語文領域/國語文	國5-II-5	認識記敘、抒情、說明及應用文本的特徵。
語文領域/國語文	語文領域/國語文	國5-II-6	運用適合學習階段的摘要策略，擷取大意。
語文領域/國語文	語文領域/國語文	國5-II-7	就文本的觀點，找出支持的理由。
語文領域/國語文	語文領域/國語文	國5-II-8	運用預測、推論、提問等策略，增進對文本的理解。
語文領域/國語文	語文領域/國語文	國5-II-9	覺察自己的閱讀理解情況，適時調整策略。
語文領域/國語文	語文領域/國語文	國5-II-10	透過大量閱讀，體會閱讀的樂趣。
語文領域/國語文	語文領域/國語文	國5-II-11	閱讀多元文本，以認識議題。
語文領域/國語文	語文領域/國語文	國5-II-12	主動參與班級、學校或社區的閱讀社群活動。
語文領域/國語文	語文領域/國語文	國5-III-1	流暢朗讀各類文本，並表現抑揚頓挫的變化。
語文領域/國語文	語文領域/國語文	國5-III-2	理解各種標點符號的用法與表達效果。
語文領域/國語文	語文領域/國語文	國5-III-3	讀懂與學習階段相符的文本。
語文領域/國語文	語文領域/國語文	國5-III-4	區分文本中的客觀事實與主觀判斷之間的差別。
語文領域/國語文	語文領域/國語文	國5-III-5	認識議論文本的特徵。
語文領域/國語文	語文領域/國語文	國5-III-6	熟習適合學習階段的摘要策略，擷取大意。
語文領域/國語文	語文領域/國語文	國5-III-7	連結相關的知識和經驗，提出自己的觀點，評述文本的內容。
語文領域/國語文	語文領域/國語文	國5-III-8	運用自我提問、推論等策略，推論文本隱含的因果訊息或觀點。
語文領域/國語文	語文領域/國語文	國5-III-9	因應不同的目的，運用不同的閱讀策略。
語文領域/國語文	語文領域/國語文	國5-III-10	結合自己的特長和興趣，主動尋找閱讀材料。
語文領域/國語文	語文領域/國語文	國5-III-11	大量閱讀多元文本，辨識文本中議題的訊息或觀點。
語文領域/國語文	語文領域/國語文	國5-III-12	運用圖書館(室)、科技與網路，進行資料蒐集、解讀與判斷，提升多元文本的閱讀和應用能力。
語文領域/國語文	語文領域/國語文	國6-II-1	根據表達需要，使用各種標點符號。
語文領域/國語文	語文領域/國語文	國6-II-2	培養感受力、想像力等寫作基本能力。
語文領域/國語文	語文領域/國語文	國6-II-3	學習審題、立意、選材、組織等寫作步驟。
語文領域/國語文	語文領域/國語文	國6-II-4	書寫記敘、應用、說明事物的作品。
語文領域/國語文	語文領域/國語文	國6-II-5	仿寫童詩。
語文領域/國語文	語文領域/國語文	國6-II-6	運用改寫、縮寫、擴寫等技巧寫作。
語文領域/國語文	語文領域/國語文	國6-II-7	找出作品的錯誤，並加以修改。
語文領域/國語文	語文領域/國語文	國6-II-8	養成寫作習慣。
語文領域/國語文	語文領域/國語文	國6-III-1	根據表達需要，使用適切的標點符號。
語文領域/國語文	語文領域/國語文	國6-III-2	培養思考力、聯想力等寫作基本能力。
語文領域/國語文	語文領域/國語文	國6-III-3	掌握寫作步驟，寫出表達清楚、段落分明、符合主題的作品。
語文領域/國語文	語文領域/國語文	國6-III-4	創作童詩及故事。
數學領域	數學領域	數-d-II-1	報讀與製作一維表格、二維表格與長條圖，報讀折線圖，並據以做簡單推論。
數學領域	數學領域	數-d-III-1	報讀圓形圖，製作折線圖與圓形圖，並據以做簡單推論。
數學領域	數學領域	數-d-III-2	能從資料或圖表的資料數據，解決關於「可能性」的簡單問題。
數學領域	數學領域	數-n-II-1	理解一億以內數的位值結構，並據以作為各種運算與估算之基礎。
數學領域	數學領域	數-n-II-2	熟練較大位數之加、減、乘計算或估算，並能應用於日常解題。
數學領域	數學領域	數-n-II-3	理解除法的意義，能做計算與估算，並能應用於日常解題。
數學領域	數學領域	數-n-II-4	解決四則估算之日常應用問題。
數學領域	數學領域	數-n-II-5	在具體情境中，解決兩步驟應用問題。
數學領域	數學領域	數-n-II-6	理解同分母分數的加、減、整數倍的意義、計算與應用。認識等值分數的意義，並應用於認識簡單異分母分數之比較與加減的意義。
數學領域	數學領域	數-n-II-7	理解小數的意義與位值結構，並能做加、減、整數倍的直式計算與應用。
數學領域	數學領域	數-n-II-8	能在數線標示整數、分數、小數並做比較與加減，理解整數、分數、小數都是數。
數學領域	數學領域	數-n-II-9	理解長度、角度、面積、容量、重量的常用單位與換算，培養量感與估測能力，並能做計算和應用解題。認識體積。
數學領域	數學領域	數-n-II-10	理解時間的加減運算，並應用於日常的時間加減問題。
數學領域	數學領域	數-n-III-1	理解數的十進位的位值結構，並能據以延伸認識更大與更小的數。
數學領域	數學領域	數-n-III-2	在具體情境中，解決三步驟以上之常見應用問題。
數學領域	數學領域	數-n-III-3	認識因數、倍數、質數、最大公因數、最小公倍數的意義、計算與應用。
數學領域	數學領域	數-n-III-4	理解約分、擴分、通分的意義，並應用於異分母分數的加減。
數學領域	數學領域	數-n-III-5	理解整數相除的分數表示的意義。
數學領域	數學領域	數-n-III-6	理解分數乘法和除法的意義、計算與應用。
數學領域	數學領域	數-n-III-7	理解小數乘法和除法的意義，能做直式計算與應用。
數學領域	數學領域	數-n-III-8	理解以四捨五入取概數，並進行合理估算。
數學領域	數學領域	數-n-III-9	理解比例關係的意義，並能據以觀察、表述、計算與解題，如比率、比例尺、速度、基準量等。
數學領域	數學領域	數-n-III-10	嘗試將較複雜的情境或模式中的數量關係以算式正確表述，並據以推理或解題。
數學領域	數學領域	數-n-III-11	認識量的常用單位及其換算，並處理相關的應用問題。
數學領域	數學領域	數-n-III-12	理解容量、容積和體積之間的關係，並做應用。
數學領域	數學領域	數-r-II-1	理解乘除互逆，並能應用與解題。
數學領域	數學領域	數-r-II-2	認識一維及二維之數量模式，並能說明與簡單推理。
數學領域	數學領域	數-r-II-3	理解兩步驟問題的併式計算與四則混合計算之約定。
數學領域	數學領域	數-r-II-4	認識兩步驟計算中加減與部分乘除計算的規則並能應用。
數學領域	數學領域	數-r-II-5	理解以文字表示之數學公式。
數學領域	數學領域	數-r-III-1	理解各種計算規則(含分配律)，並協助四則混合計算與應用解題。
數學領域	數學領域	數-r-III-2	熟練數(含分數、小數)的四則混合計算。
數學領域	數學領域	數-r-III-3	觀察情境或模式中的數量關係，並用文字或符號正確表述，協助推理與解題。
數學領域	數學領域	數-s-II-1	理解正方形和長方形的面積與周長公式與應用。
數學領域	數學領域	數-s-II-2	認識平面圖形全等的意義。
數學領域	數學領域	數-s-II-3	透過平面圖形的構成要素，認識常見三角形、常見四邊形與圓。
數學領域	數學領域	數-s-II-4	在活動中，認識幾何概念的應用，如旋轉角、展開圖與空間形體。
數學領域	數學領域	數-s-III-1	理解三角形、平行四邊形與梯形的面積計算。
數學領域	數學領域	數-s-III-2	認識圓周率的意義，理解圓面積、圓周長、扇形面積與弧長之計算方式。
數學領域	數學領域	數-s-III-3	從操作活動，理解空間中面與面的關係與簡單立體形體的性質。
數學領域	數學領域	數-s-III-4	理解角柱(含正方體、長方體)與圓柱的體積與表面積的計算方式。
數學領域	數學領域	數-s-III-5	以簡單推理，理解幾何形體的性質。
數學領域	數學領域	數-s-III-6	認識線對稱的意義與其推論。
數學領域	數學領域	數-s-III-7	認識平面圖形縮放的意義與應用。
特需領域/創造力	特需領域/創造力	特創 1a-II-1	在觀察事物後提出相關的疑問。
特需領域/創造力	特需領域/創造力	特創 1a-II-2	投入引發其好奇心的不尋常事物或活動。
特需領域/創造力	特需領域/創造力	特創 1a-II-3	主動思索問題，嘗試尋求解答。
特需領域/創造力	特需領域/創造力	特創 1a-III-1	對事物保持懷疑的態度，勇於發表自己的看法。
特需領域/創造力	特需領域/創造力	特創 1a-III-2	對某種觀念或主意能加以探究以滿足好奇。
特需領域/創造力	特需領域/創造力	特創 1a-III-3	在探尋追問過程中雖感困惑，仍能尋求解答。
特需領域/創造力	特需領域/創造力	特創 1a-III-4	對文化差異產生好奇並能尋求解答。
特需領域/創造力	特需領域/創造力	特創 1a-IV-1	深入思索事物的奧妙與不尋常之處。
特需領域/創造力	特需領域/創造力	特創 1a-IV-2	探索事物與現象的關鍵處與重點。
特需領域/創造力	特需領域/創造力	特創 1a-IV-3	即便受限/受挫的學習情境，仍能保有好奇發問的特質。
特需領域/創造力	特需領域/創造力	特創 1a-IV-4	對創造發明的議題產生興趣。
特需領域/創造力	特需領域/創造力	特創 1b-II-1	分享自己對於已發生過的事的連結想像。
特需領域/創造力	特需領域/創造力	特創 1b-II-2	分享自己對於從未發生過的事的想像。
特需領域/創造力	特需領域/創造力	特創 1b-III-1	發現奇特的事物，並想像聯結其中的趣味與有意義之處。
特需領域/創造力	特需領域/創造力	特創 1b-III-2	記錄與延伸豁然開朗或靈機乍現的想法。
特需領域/創造力	特需領域/創造力	特創 1b-IV-1	對研究議題辨別幻想與想像的差距。
特需領域/創造力	特需領域/創造力	特創 1b-IV-2	解釋看似無關聯事物間的關聯性。
特需領域/創造力	特需領域/創造力	特創 1b-IV-3	將抽象概念之實施步驟予以具體化。
特需領域/創造力	特需領域/創造力	特創 1b-IV-4	即便在受限/受挫的學習情境，仍能保有想像力的特質。
特需領域/創造力	特需領域/創造力	特創 1c-II-1	面對問題能大膽提出各種可能性。
特需領域/創造力	特需領域/創造力	特創 1c-II-2	嘗試使用各種方法達成任務。
特需領域/創造力	特需領域/創造力	特創 1c-II-3	勇於提出有異他人觀點或做法。
特需領域/創造力	特需領域/創造力	特創 1c-III-1	勇於面對與處理混亂或複雜的資訊。
特需領域/創造力	特需領域/創造力	特創 1c-III-2	能多次嘗試解決各種情境與問題之阻礙處。
特需領域/創造力	特需領域/創造力	特創 1c-IV-1	展示推論的理由並接受他人質質。
特需領域/創造力	特需領域/創造力	特創 1c-IV-2	嘗試投入不同文化的創造性活動。
特需領域/創造力	特需領域/創造力	特創 1c-IV-3	即便受限/受挫的學習情境，仍能保有嘗試、冒險特質。
特需領域/創造力	特需領域/創造力	特創 1d-II-1	主動接受具挑戰性的任務。
特需領域/創造力	特需領域/創造力	特創 1d-II-2	選擇高於自己目前能力的任務或作業。
特需領域/創造力	特需領域/創造力	特創 1d-II-3	質疑各種做法在不同情況下可能的結果。
特需領域/創造力	特需領域/創造力	特創 1d-III-1	評析他人的觀點及其與自己觀點的差距。
特需領域/創造力	特需領域/創造力	特創 1d-III-2	接受他人的質疑並提出自己所持觀點。
特需領域/創造力	特需領域/創造力	特創 1d-III-3	針對失敗能提出改進方式持續完成任務與作業。
特需領域/創造力	特需領域/創造力	特創 1d-IV-1	挑戰自己，策劃創意活動並加以執行。
特需領域/創造力	特需領域/創造力	特創 1d-IV-2	即便身處受限/受挫的學習情境，仍能保有勇於挑戰特質。
特需領域/創造力	特需領域/創造力	特創 1e-II-1	喜愛自己的作品/表現。
特需領域/創造力	特需領域/創造力	特創 1e-II-2	自動自發地投入學習。
特需領域/創造力	特需領域/創造力	特創 1e-III-1	堅持自己的決定。
特需領域/創造力	特需領域/創造力	特創 1e-III-2	對學習充滿熱情且精力充沛。
特需領域/創造力	特需領域/創造力	特創 1e-III-3	專注持續一段時間而無厭倦。
特需領域/創造力	特需領域/創造力	特創 1e-IV-1	堅持探究隱含矛盾與困擾的事物。
特需領域/創造力	特需領域/創造力	特創 1e-IV-2	擇善固執，即使不被贊同仍能持續地創作。
特需領域/創造力	特需領域/創造力	特創 1e-IV-3	堅毅地達成預設的目標。
特需領域/創造力	特需領域/創造力	特創 2a-II-1	在各學習領域嘗試提出不同問題。
特需領域/創造力	特需領域/創造力	特創 2a-II-2	列舉問題或任務已知的各項資訊或資源。
特需領域/創造力	特需領域/創造力	特創 2a-II-3	針對問題提出各種解決的構想。
特需領域/創造力	特需領域/創造力	特創 2a-II-4	理解各種現象不一定有固定的結果。
特需領域/創造力	特需領域/創造力	特創 2a-II-5	探討每一構想有不同角度選擇的可能性。
特需領域/創造力	特需領域/創造力	特創 2a-III-1	經常思考與提出待解決的問題。
特需領域/創造力	特需領域/創造力	特創 2a-III-2	從多元管道來源蒐集相關的資訊。
特需領域/創造力	特需領域/創造力	特創 2a-III-3	利用科技與不同資訊擴大主題的連結性。
特需領域/創造力	特需領域/創造力	特創 2a-III-4	對各種構想加以探討調整的可能性。
特需領域/創造力	特需領域/創造力	特創 2a-III-5	善用各種創意技法產生不同的構想。
特需領域/創造力	特需領域/創造力	特創 2a-IV-1	對任務與作業尚未釐清的部分蒐集多元資訊。
特需領域/創造力	特需領域/創造力	特創 2a-IV-2	歸納不同解決問題的方式可能會產生的結果。
特需領域/創造力	特需領域/創造力	特創 2a-IV-3	概述各項事物與自己構想的關連性。
特需領域/創造力	特需領域/創造力	特創 2a-IV-4	預測構想在實行時可能產生的困難與解決方法。
特需領域/創造力	特需領域/創造力	特創 2a-IV-5	重組原有構想產出新穎的構想。
特需領域/創造力	特需領域/創造力	特創 2a-IV-6	思辨科技資訊對自己在創造思考歷程的正負面影響。
特需領域/創造力	特需領域/創造力	特創 2b-II-1	分辨各項要求或任務的輕重緩急。
特需領域/創造力	特需領域/創造力	特創 2b-II-2	從多項資訊中指出重要關鍵。
特需領域/創造力	特需領域/創造力	特創 2b-II-3	說明自己選擇某構想的原因與理由。
特需領域/創造力	特需領域/創造力	特創 2b-II-4	辨識各類媒體資訊中所展現的創意內容。
特需領域/創造力	特需領域/創造力	特創 2b-III-1	判斷各項工作或任務的處理先後順序。
特需領域/創造力	特需領域/創造力	特創 2b-III-2	分辨問題的本質與判斷問題的關鍵因素。
特需領域/創造力	特需領域/創造力	特創 2b-III-3	清楚表達自己擇定某構想的原因。
特需領域/創造力	特需領域/創造力	特創 2b-III-4	依不同工作屬性設定適當的評判標準。
特需領域/創造力	特需領域/創造力	特創 2b-III-5	運用科技資訊釐清龐雜訊息中主要與次要項目。
特需領域/創造力	特需領域/創造力	特創 2b-IV-1	在眾多資料中提出關鍵性的問題或結論。
特需領域/創造力	特需領域/創造力	特創 2b-IV-2	在問題與任務中判斷最可能的結果。
特需領域/創造力	特需領域/創造力	特創 2b-IV-3	分析各種自相矛盾或對立的現象。
特需領域/創造力	特需領域/創造力	特創 2b-IV-4	評價選擇構想與計畫的標準。
特需領域/創造力	特需領域/創造力	特創 2b-IV-5	建構最適宜的問題解決模式。
特需領域/創造力	特需領域/創造力	特創 2b-IV-6	善用相關科技軟體輔助創造性思考活動。
特需領域/創造力	特需領域/創造力	特創 3a-II-1	在有限時間內針對各現象提出多樣看法。
特需領域/創造力	特需領域/創造力	特創 3a-II-2	描述觀察事物的多元屬性。
特需領域/創造力	特需領域/創造力	特創 3a-III-1	經常以多元方式與素材表現事物的構想與概念。
特需領域/創造力	特需領域/創造力	特創 3a-III-2	經常以多元角度詮釋事物或主題。
特需領域/創造力	特需領域/創造力	特創 3a-III-3	自由順暢表達或表現各任務與作業的多元概念。
特需領域/創造力	特需領域/創造力	特創 3a-IV-1	對現象或問題快速連結多元的看法或解答方式。
特需領域/創造力	特需領域/創造力	特創 3a-IV-2	流暢地組合多重事物或現象的因果關係並分析優劣。
特需領域/創造力	特需領域/創造力	特創 3b-II-1	從不同面向思考同一件事情。
特需領域/創造力	特需領域/創造力	特創 3b-II-2	在達到同樣標準條件下，以各種方式呈現任務與作業。
特需領域/創造力	特需領域/創造力	特創 3b-III-1	說明各項事物在不同情境下，有其調整的必要與方法。
特需領域/創造力	特需領域/創造力	特創 3b-III-2	改變原有作品的元素，擴充其趣味性與實用性。
特需領域/創造力	特需領域/創造力	特創 3b-III-3	依循美感賞析規準或規則，提出彈性變更的方法。
特需領域/創造力	特需領域/創造力	特創 3b-III-4	提出事物或現象有非固定結果的原由。
特需領域/創造力	特需領域/創造力	特創 3b-IV-1	擴大對事物的定義，對知識與問題保有彈性。
特需領域/創造力	特需領域/創造力	特創 3b-IV-2	檢核達到問題解決相同目的之多元方式。
特需領域/創造力	特需領域/創造力	特創 3b-IV-3	突破學校各種規準或規則，提出有益的改變。
特需領域/創造力	特需領域/創造力	特創 3b-IV-4	跳脫慣性思考，以不同角度解決問題。
特需領域/創造力	特需領域/創造力	特創 3c-II-1	在觀察後提出與他人不同的看法。
特需領域/創造力	特需領域/創造力	特創 3c-II-2	探索新知識或新發明。
特需領域/創造力	特需領域/創造力	特創 3c-III-1	覺察並賦予日常事物的新意義。
特需領域/創造力	特需領域/創造力	特創 3c-III-2	以新穎獨特方式呈現對事物的看法。
特需領域/創造力	特需領域/創造力	特創 3c-III-3	在各構想中分辨其中新的或不尋常的構想。
特需領域/創造力	特需領域/創造力	特創 3c-IV-1	在凌亂無序的情況下發現規則並提出不同的處理方法。
特需領域/創造力	特需領域/創造力	特創 3c-IV-2	能以新穎、幽默方式完成作業或任務。
特需領域/創造力	特需領域/創造力	特創 3d-II-1	舉例說明自己在構想產生與執行時的表現。
特需領域/創造力	特需領域/創造力	特創 3d-II-2	在作業或任務完成後嘗試使其更加完善的行動。
特需領域/創造力	特需領域/創造力	特創 3d-II-3	引申其他事物或看法融入自己的作品中。
特需領域/創造力	特需領域/創造力	特創 3d-III-1	依照原有的創意標準評判執行成果。
特需領域/創造力	特需領域/創造力	特創 3d-III-2	藉由檢視成果與標準的不一致，思考問題解決適切性。
特需領域/創造力	特需領域/創造力	特創 3d-III-3	自我檢核任務或作業的完整度並加以補強(含美感賞析元素)。
特需領域/創造力	特需領域/創造力	特創 3d-IV-1	在原有構想或產品添加新元素，使其更加周詳。
特需領域/創造力	特需領域/創造力	特創 3d-IV-2	依創意指標變更構想的執行過程。
特需領域/創造力	特需領域/創造力	特創 3d-IV-3	融入跨領域指標(如美感指標)評鑑執行結果的優劣處並提出修正構想。
特需領域/創造力	特需領域/創造力	特創 3d-IV-4	有效闡述自己的計畫並傾聽與回應他人的建議。
特需領域/創造力	特需領域/創造力	特創 3e-II-1	說明所完成的成品之具體功能。
特需領域/創造力	特需領域/創造力	特創 3e-II-2	在作業或任務規劃過程中考量成品的實用性。
特需領域/創造力	特需領域/創造力	特創 3e-III-1	分析創意評判標準的實質效益。
特需領域/創造力	特需領域/創造力	特創 3e-III-2	能加入美感元素進行產品評鑑。
特需領域/創造力	特需領域/創造力	特創 3e-III-3	藉由檢視成果的實用性，思考問題解決的適切性。
特需領域/創造力	特需領域/創造力	特創 3e-IV-1	適時調整任務評判標準與現實需求間的差異。
特需領域/創造力	特需領域/創造力	特創 3e-IV-2	修改創意計畫，使其符合實際需求。
特需領域/創造力	特需領域/創造力	特創 3e-IV-3	依實用性創意指標修訂創造的過程與成果。
特需領域/創造力	特需領域/創造力	特創 3e-IV-4	精準掌握創意成果在該領域產值的實質效益。
特需領域/創造力	特需領域/創造力	特創 4a-II-1	在他人激勵下提出創意想法。
特需領域/創造力	特需領域/創造力	特創 4a-II-2	接受他人幫助解決問題。
特需領域/創造力	特需領域/創造力	特創 4a-II-3	在他人支持下完成任務。
特需領域/創造力	特需領域/創造力	特創 4a-II-4	運用各種有形與無形資源進行創造活動。
特需領域/創造力	特需領域/創造力	特創 4a-II-5	了解符合社會道德規範之創造性活動準則。
特需領域/創造力	特需領域/創造力	特創 4a-III-1	能與他人腦力激盪解決問題。
特需領域/創造力	特需領域/創造力	特創 4a-III-2	創思活動時，能維護相互尊重與開放討論的環境。
特需領域/創造力	特需領域/創造力	特創 4a-III-3	根據他人的回饋改進錯誤與失敗。
特需領域/創造力	特需領域/創造力	特創 4a-III-4	依據社會道德規範營造適合創造的情境。
特需領域/創造力	特需領域/創造力	特創 4a-III-5	了解創造力對社會與國家發展的影響。
特需領域/創造力	特需領域/創造力	特創 4a-IV-1	採取對等心態與他人進行創造性的對話與討論。
特需領域/創造力	特需領域/創造力	特創 4a-IV-2	接受他人建設性的改進意見。
特需領域/創造力	特需領域/創造力	特創 4a-IV-3	展現民主素養接受與自己相左的想法或意見。
特需領域/創造力	特需領域/創造力	特創 4a-IV-4	和他人合作營造溫暖、開放及支持性的情境以利創造。
特需領域/創造力	特需領域/創造力	特創 4a-IV-5	主動參與和創造發展有關之社群或公益團體。
特需領域/創造力	特需領域/創造力	特創 4b-II-1	不因他人批評、比較而中止創造活動。
特需領域/創造力	特需領域/創造力	特創 4b-II-2	耐心等待結果與答案的產生。
特需領域/創造力	特需領域/創造力	特創 4b-II-3	在創造過程遇挫折時能為自己加油打氣。
特需領域/創造力	特需領域/創造力	特創 4b-II-4	在創造性活動之爭議中，展現是非判斷能力。
特需領域/創造力	特需領域/創造力	特創 4b-III-1	辨識幽默的表徵，藉以化解創造歷程的困境。
特需領域/創造力	特需領域/創造力	特創 4b-III-2	在受阻或困難的情境下，能提出修改、精進的作為。
特需領域/創造力	特需領域/創造力	特創 4b-III-3	以正向觀點看待他人的批評與指教。
特需領域/創造力	特需領域/創造力	特創 4b-III-4	面對困難與阻礙能主動尋求師長或同儕協助。
特需領域/創造力	特需領域/創造力	特創 4b-III-5	了解個體在創造力面向應負擔之社會責任。
特需領域/創造力	特需領域/創造力	特創 4b-IV-1	運用幽默詼諧態度面對難題。
特需領域/創造力	特需領域/創造力	特創 4b-IV-2	與團隊合作減輕創造性活動的壓力。
特需領域/創造力	特需領域/創造力	特創 4b-IV-3	在不利創造的環境下持續從事創造活動。
特需領域/創造力	特需領域/創造力	特創 4b-IV-4	支持符合法治與正向價值之創造性活動。
特需領域/創造力	特需領域/創造力	特情3b-III-1	分析科技、媒體對自己的影響。
特需領域/情意	特需領域/情意	特情 1a-II-1	覺察自己與眾不同的特質。
特需領域/情意	特需領域/情意	特情 1a-II-2	參與必須完成的課程或作業。
特需領域/情意	特需領域/情意	特情 1a-II-3	辨識自己過度追求完美的特質與行為表現。
特需領域/情意	特需領域/情意	特情 1a-III-1	說明自己各方面的特質。
特需領域/情意	特需領域/情意	特情 1a-III-2	接納自己與眾不同的特質。
特需領域/情意	特需領域/情意	特情 1a-III-3	調整自己的認知或情緒，避免因過度敏感而產生猜忌與不安。
特需領域/情意	特需領域/情意	特情 1a-III-4	區分每個人對完美的要求不同而能尊重他人。
特需領域/情意	特需領域/情意	特情 1a-IV-1	當產生學習或適應困難的問題時，能主動尋求協助以解決問題。
特需領域/情意	特需領域/情意	特情 1a-IV-2	認識自身限制對學習與生活的影響與程度。
特需領域/情意	特需領域/情意	特情 1a-IV-3	評述自己受完美主義影響的程度。
特需領域/情意	特需領域/情意	特情 1a-IV-4	調整自己完美主義的標準以符合現實狀況。
特需領域/情意	特需領域/情意	特情 1a-IV-5	將個人的好勝特質轉換為正向的堅忍毅力或成就動力。
特需領域/情意	特需領域/情意	特情 1b-II-1	正向解讀自己的能力與表現。
特需領域/情意	特需領域/情意	特情 1b-II-2	讚美他人的優點。
特需領域/情意	特需領域/情意	特情 1b-II-3	正確了解優勢才能的意涵。
特需領域/情意	特需領域/情意	特情 1b-III-1	敘述自己與他人能力的相似與相異之處。
特需領域/情意	特需領域/情意	特情 1b-III-2	形成對自己表現的評價標準，而不只在意與他人比較。
特需領域/情意	特需領域/情意	特情 1b-III-3	接受自己較不滿意的表現。
特需領域/情意	特需領域/情意	特情 1b-III-4	辨識自己的學習需求。
特需領域/情意	特需領域/情意	特情 1b-IV-1	擬定適合自己學習成就的標準。
特需領域/情意	特需領域/情意	特情 1b-IV-2	擬定適合自己能力的學習計畫。
特需領域/情意	特需領域/情意	特情 1b-IV-3	運用各種策略提升學習成就與表現。
特需領域/情意	特需領域/情意	特情 1b-IV-4	辨識自己的優弱勢能力。
特需領域/情意	特需領域/情意	特情 1b-IV-5	利用優勢能力帶動學習。
特需領域/情意	特需領域/情意	特情 1b-IV-6	適時調整自我期待水準與目標。
特需領域/情意	特需領域/情意	特情 1c-II-1	維持平穩的情緒狀態。
特需領域/情意	特需領域/情意	特情 1c-II-2	經常展現愉悅快樂的情緒狀態。
特需領域/情意	特需領域/情意	特情 1c-III-1	辨識讓自己感到正向情緒的來源。
特需領域/情意	特需領域/情意	特情 1c-III-2	認識情緒對生理、心理健康的影響。
特需領域/情意	特需領域/情意	特情 1c-III-3	認識正向、樂觀的想法有助於維持健康的情緒。
特需領域/情意	特需領域/情意	特情 1c-IV-1	經常展現樂觀與希望的正向情緒。
特需領域/情意	特需領域/情意	特情 1c-IV-2	主動加入可激發自己正向情緒的團體或環境。
特需領域/情意	特需領域/情意	特情 1c-IV-3	倡導並保持正向情緒。
特需領域/情意	特需領域/情意	特情 1d-II-1	認識多樣貌典範的生命故事。
特需領域/情意	特需領域/情意	特情 1d-II-2	觀察生活周遭的生命楷模。
特需領域/情意	特需領域/情意	特情 1d-III-1	述說自己觀察到的感人生命故事。
特需領域/情意	特需領域/情意	特情 1d-III-2	由各樣生命故事，觀察他人如何度過人生困境。
特需領域/情意	特需領域/情意	特情 1d-III-3	述說自己期望的人生。
特需領域/情意	特需領域/情意	特情 1d-IV-1	學習探索人生意義與價值。
特需領域/情意	特需領域/情意	特情 1d-IV-2	探索引領人生發展的核心價值。
特需領域/情意	特需領域/情意	特情 1d-IV-3	學習探索增進身心靈健康發展的途徑。
特需領域/情意	特需領域/情意	特情 2a-II-1	舉例說明壓力的感受。
特需領域/情意	特需領域/情意	特情 2a-II-2	表達自己的壓力。
特需領域/情意	特需領域/情意	特情 2a-III-1	辨識他人的壓力狀態。
特需領域/情意	特需領域/情意	特情 2a-III-2	覺察自我壓力過大的警訊，主動向他人發出求助訊息。
特需領域/情意	特需領域/情意	特情 2a-III-3	探索調適壓力的方法。
特需領域/情意	特需領域/情意	特情 2a-III-4	轉換「害怕失敗」的心理。
特需領域/情意	特需領域/情意	特情 2a-IV-1	主動探索、執行各種壓力調適的策略。
特需領域/情意	特需領域/情意	特情 2a-IV-2	運用適度的壓力提升學習動力。
特需領域/情意	特需領域/情意	特情 2a-IV-3	說明可求助的管道與對象。
特需領域/情意	特需領域/情意	特情 2b-II-1	學習探索平復情緒的方法。
特需領域/情意	特需領域/情意	特情 2b-II-2	覺察他人情緒，主動關心同儕。
特需領域/情意	特需領域/情意	特情 2b-III-1	展現正向思考，面對生活周遭人事物。
特需領域/情意	特需領域/情意	特情 2b-III-2	自我檢討並改進缺失。
特需領域/情意	特需領域/情意	特情 2b-III-3	接受別人善意的批評。
特需領域/情意	特需領域/情意	特情 2b-IV-1	接受自己或團體的挫敗並省思問題所在。
特需領域/情意	特需領域/情意	特情 2b-IV-2	展現冷靜面對挫折的態度，避免過度自責與內疚。
特需領域/情意	特需領域/情意	特情 2b-IV-3	以冷靜積極的態度處理問題。
特需領域/情意	特需領域/情意	特情 2c-II-1	主動挑戰覺得困難的活動。
特需領域/情意	特需領域/情意	特情 2c-II-2	對必須完成的作業或任務能盡力完成。
特需領域/情意	特需領域/情意	特情 2c-III-1	評析自己學習動機的強弱程度。
特需領域/情意	特需領域/情意	特情 2c-III-2	展現對學習與生活的熱情與活力。
特需領域/情意	特需領域/情意	特情 2c-III-3	適時自我肯定。
特需領域/情意	特需領域/情意	特情 2c-IV-1	參與各類活動以發展自己的興趣。
特需領域/情意	特需領域/情意	特情 2c-IV-2	持續投入自己感興趣的領域。
特需領域/情意	特需領域/情意	特情 2c-IV-3	主動參與學習動機較弱的課題。
特需領域/情意	特需領域/情意	特情 2c-IV-4	悅納自己對努力付出後的成就與表現。
特需領域/情意	特需領域/情意	特情 2c-IV-5	展現不需他人督促的自制力與自我驅策能力。
特需領域/情意	特需領域/情意	特情 2d-II-1	認識運用優勢能力或轉化弱勢能力的楷模。
特需領域/情意	特需領域/情意	特情 2d-III-1	探索自己的生涯興趣與性向。
特需領域/情意	特需領域/情意	特情 2d-III-2	能認識多樣職業領域的楷模。
特需領域/情意	特需領域/情意	特情 2d-III-3	敘述生涯發展之多元管道。
特需領域/情意	特需領域/情意	特情 2d-IV-1	蒐集生涯發展相關資訊來源。
特需領域/情意	特需領域/情意	特情 2d-IV-2	仿效角色楷模，探索自己的生涯角色定位。
特需領域/情意	特需領域/情意	特情 2d-IV-3	試探並找出適合自己的生涯發展方向。
特需領域/情意	特需領域/情意	特情 2d-IV-4	主動參與感興趣社群或團體之活動。
特需領域/情意	特需領域/情意	特情 2d-IV-5	依優勢能力與興趣傾向調整自我生涯發展目標。
特需領域/情意	特需領域/情意	特情 3a-II-1	了解各種溝通互動的方法。
特需領域/情意	特需領域/情意	特情 3a-II-2	覺察自己的溝通方式。
特需領域/情意	特需領域/情意	特情 3a-II-3	運用適合情境的方式，進行表達或溝通。
特需領域/情意	特需領域/情意	特情 3a-III-1	探索表達意見與感受的合宜方式。
特需領域/情意	特需領域/情意	特情 3a-III-2	認識同理心及其運用於日常生活的方法。
特需領域/情意	特需領域/情意	特情 3a-III-3	運用同理心與合宜的溝通技巧於日常生活中。
特需領域/情意	特需領域/情意	特情 3a-IV-1	運用合宜方式表達意見與感受。
特需領域/情意	特需領域/情意	特情 3a-IV-2	分析同理心及其在生活運用的多元方法。
特需領域/情意	特需領域/情意	特情 3a-IV-3	運用同理心與有效的溝通技巧，增進人際關係。
特需領域/情意	特需領域/情意	特情 3b-II-1	認識運用科技搜尋生活資訊的方法。
特需領域/情意	特需領域/情意	特情 3b-II-2	比較不同來源搜尋訊息的異同。
特需領域/情意	特需領域/情意	特情 3b-II-3	運用科技與媒體資訊於日常生活。
特需領域/情意	特需領域/情意	特情 3b-III-1	分析科技、媒體對自己的影響。
特需領域/情意	特需領域/情意	特情 3b-III-2	辨識訊息真偽、訊息觀點與內容適切性。
特需領域/情意	特需領域/情意	特情 3b-III-3	規劃運用科技資訊的策略，解決日常生活的問題。
特需領域/情意	特需領域/情意	特情 3b-IV-1	分析科技與媒體對個人與環境的影響。
特需領域/情意	特需領域/情意	特情 3b-IV-2	說明評鑑科技資訊適切性的標準。
特需領域/情意	特需領域/情意	特情 3b-IV-3	善用各項資源，規劃與執行個人生活中重要事務。
特需領域/情意	特需領域/情意	特情 3c-II-1	接觸生活中多樣美感來源。
特需領域/情意	特需領域/情意	特情 3c-II-2	運用感受力與想像力覺察生活中的美感。
特需領域/情意	特需領域/情意	特情 3c-III-1	表現對美的感受力、想像力、創造力。
特需領域/情意	特需領域/情意	特情 3c-III-2	表達分享生活中的美感經驗。
特需領域/情意	特需領域/情意	特情 3c-III-3	探索如何以創意方式面對與解決問題。
特需領域/情意	特需領域/情意	特情 3c-IV-1	持續表現對美的感受力、想像力、創造力。
特需領域/情意	特需領域/情意	特情 3c-IV-2	綜合運用多種能力與形式，在生活中展現美感。
特需領域/情意	特需領域/情意	特情 3c-IV-3	以創意的方式解決問題。
特需領域/情意	特需領域/情意	特情 4a-II-1	辨認人我之間的個別差異。
特需領域/情意	特需領域/情意	特情 4a-II-2	幫助比自己弱小或需要幫助的人。
特需領域/情意	特需領域/情意	特情 4a-II-3	接受其他人的幫助。
特需領域/情意	特需領域/情意	特情 4a-II-4	對自己的課業與受託付的任務，展現負責任的態度。
特需領域/情意	特需領域/情意	特情 4a-III-1	理解社會大眾正面期許的用心與善意。
特需領域/情意	特需領域/情意	特情 4a-III-2	認識在所處環境中的責任與權利。
特需領域/情意	特需領域/情意	特情 4a-III-3	參與各類活動，貢獻一己之長服務他人。
特需領域/情意	特需領域/情意	特情 4a-IV-1	思辨適切的道德觀與正義感。
特需領域/情意	特需領域/情意	特情 4a-IV-2	體察「助人為快樂之本」，了解利人與利己的關係，並對他人與社會主動提供服務。
特需領域/情意	特需領域/情意	特情 4a-IV-3	理解自己對社會與國家的意義，充分發展個人潛能。
特需領域/情意	特需領域/情意	特情 4b-II-1	以合宜的方式向家庭成員表達自己的感受與情緒。
特需領域/情意	特需領域/情意	特情 4b-II-2	聽取家庭成員的不同意見。
特需領域/情意	特需領域/情意	特情 4b-II-3	以家庭成員彼此都能接受的方式進行溝通或解決衝突。
特需領域/情意	特需領域/情意	特情 4b-III-1	敘述家庭成員(親子、手足)衝突事件經過與原因。
特需領域/情意	特需領域/情意	特情 4b-III-2	理解特教身分對家庭關係可能造成的影響。
特需領域/情意	特需領域/情意	特情 4b-III-3	與家庭成員維持和諧關係。
特需領域/情意	特需領域/情意	特情 4b-IV-1	調整自己與家庭成員的互動方式。
特需領域/情意	特需領域/情意	特情 4b-IV-2	與家庭成員相互妥協、支持與合作。
特需領域/情意	特需領域/情意	特情 4c-II-1	在學校不同情境中自在愉快地學習。
特需領域/情意	特需領域/情意	特情 4c-II-2	主動參與各種團體活動。
特需領域/情意	特需領域/情意	特情 4c-II-3	按時完成學校的作業。
特需領域/情意	特需領域/情意	特情 4c-II-4	按時完成學校的任務。
特需領域/情意	特需領域/情意	特情 4c-III-1	舉出同儕對自己正向與負向的感受與反應。
特需領域/情意	特需領域/情意	特情 4c-III-2	尋求協助以解決學習的困擾。
特需領域/情意	特需領域/情意	特情 4c-III-3	運用適宜方式獲得友誼。
特需領域/情意	特需領域/情意	特情 4c-III-4	能兼顧普通班與特殊教育班的課業與活動。
特需領域/情意	特需領域/情意	特情 4c-III-5	辨識與接納其他同儕的特質。
特需領域/情意	特需領域/情意	特情 4c-III-6	表達自己的學習需求。
特需領域/情意	特需領域/情意	特情 4c-IV-1	欣賞師長、同儕並虛心求教。
特需領域/情意	特需領域/情意	特情 4c-IV-2	以合宜的語言或行為表達對學校或班級規範的不同意見。
特需領域/情意	特需領域/情意	特情 4c-IV-3	積極面對學校環境中各種挑戰。
特需領域/情意	特需領域/情意	特情 4c-IV-4	能與同儕合作學習。
特需領域/情意	特需領域/情意	特情 4c-IV-5	能與同儕良性競爭共同成長。
特需領域/情意	特需領域/情意	特情 4d-II-1	認識社區的特色、歷史、重要事蹟與典範人士。
特需領域/情意	特需領域/情意	特情 4d-II-2	探索社區與個人的關係。
特需領域/情意	特需領域/情意	特情 4d-II-3	參與社區活動，展現對家園的關懷。
特需領域/情意	特需領域/情意	特情 4d-III-1	具備探尋與述說社區文化的能力。
特需領域/情意	特需領域/情意	特情 4d-III-2	理解自我文化中的多樣典範。
特需領域/情意	特需領域/情意	特情 4d-III-3	關心全球議題及自我與世界的關係。
特需領域/情意	特需領域/情意	特情 4d-IV-1	分析自我文化的特色與侷限。
特需領域/情意	特需領域/情意	特情 4d-IV-2	分析思辨自我文化的重要議題與多樣觀點。
特需領域/情意	特需領域/情意	特情 4d-IV-3	認識本土及全球的多元文化與相對價值觀。
特需領域/獨立研究	特需領域/獨立研究	特獨 1b-II-1	願意與他人溝通自己的想法與發現。
特需領域/獨立研究	特需領域/獨立研究	特獨 1b-II-2	專注聆聽同儕報告，了解其觀點，提出疑問或意見。
特需領域/獨立研究	特需領域/獨立研究	特獨 1b-II-3	與同儕合作完成小組獨立研究活動內容。
特需領域/獨立研究	特需領域/獨立研究	特獨 1b-III-1	透過口語、文字或圖畫等表達方式，與他人溝通自己的想法與發現。
特需領域/獨立研究	特需領域/獨立研究	特獨 1b-III-2	理解同儕報告，提出相關的疑問、意見或具體建議。
特需領域/獨立研究	特需領域/獨立研究	特獨 1b-III-3	與同儕合作完成小組獨立研究活動內容並達成目標。
特需領域/獨立研究	特需領域/獨立研究	特獨 1b-III-4	積極參與研究活動，並樂於討論分享，接受他人回饋。
特需領域/獨立研究	特需領域/獨立研究	特獨 1b-IV-1	理解同儕報告，針對研究歷程提出相關的疑問或意見，形成評價並提出建議或改善方案。
特需領域/獨立研究	特需領域/獨立研究	特獨 1b-IV-2	主動與同儕合作完成小組獨立研究活動內容並達成目標。
特需領域/獨立研究	特需領域/獨立研究	特獨 1b-IV-3	願意採納他人回饋，檢核研究歷程及成果，並持續修正。
特需領域/獨立研究	特需領域/獨立研究	特獨 1c-II-1	從興趣探索、閱讀書籍報刊、他人研究成果與良師典範學習中，引發研究動機與熱忱。
特需領域/獨立研究	特需領域/獨立研究	特獨 1c-II-2	面對研究過程中之挑戰，仍持續進行獨立研究，完成與教師對研究的約定。
特需領域/獨立研究	特需領域/獨立研究	特獨 1c-III-1	從興趣探索、閱讀書籍報刊、他人研究成果與良師典範學習中，激發並保持研究動機與熱忱。
特需領域/獨立研究	特需領域/獨立研究	特獨 1c-III-2	面對研究過程中之挑戰，能保持高昂的研究動機及毅力，持續進行獨立研究，完成與教師對研究的約定。
特需領域/獨立研究	特需領域/獨立研究	特獨 1c-IV-1	從他人研究成果、良師典範學習或自己研究歷程及成果中，激勵研究動機與熱忱。
特需領域/獨立研究	特需領域/獨立研究	特獨 1c-IV-2	面對研究過程中之挑戰，保持高昂的研究與毅力，依據訂定之研究計畫目標及進度，持續進行獨立研究。
特需領域/獨立研究	特需領域/獨立研究	特獨 1d-II-1	了解學術與研究倫理意涵及重要性。
特需領域/獨立研究	特需領域/獨立研究	特獨 1d-II-2	據實蒐集、處理研究資料及報告研究發現。
特需領域/獨立研究	特需領域/獨立研究	特獨 1d-II-3	說明研究參考資料的來源與出處。
特需領域/獨立研究	特需領域/獨立研究	特獨 1d-II-4	尊重參與研究者意願，取得參與研究同意。
特需領域/獨立研究	特需領域/獨立研究	特獨 1d-III-1	了解學術與研究倫理客觀準則和規範並願意遵守之。
特需領域/獨立研究	特需領域/獨立研究	特獨 1d-III-2	據實蒐集、處理研究資料及報告研究發現，避免造假、變造、抄襲、研究成果重複發表或未適當引註、以違法或不當手段影響審查、不當作者列名等行為。
特需領域/獨立研究	特需領域/獨立研究	特獨 1d-III-3	學習如何引註研究參考資料的來源與出處。
特需領域/獨立研究	特需領域/獨立研究	特獨 1d-III-4	能向參與研究者說明研究風險與利益後，確保參與研究者對於研究知情，取得參與研究同意。
特需領域/獨立研究	特需領域/獨立研究	特獨 1d-IV-1	保護研究對象(含人、動物及環境)於生理、社會及心理上的福祉，尊重其權利、利益、尊嚴及隱私，並採取匿名與保密原則。
特需領域/獨立研究	特需領域/獨立研究	特獨 1d-IV-2	遵守誠實、負責、專業、客觀、嚴謹公正原則，並自我監控研究過程。
特需領域/獨立研究	特需領域/獨立研究	特獨 1d-IV-3	依據引註參考資料格式，註明資料的來源、出處與他人的貢獻。
特需領域/獨立研究	特需領域/獨立研究	特獨 1d-IV-4	訂定研究參與者同意書，向參與研究者說明研究風險與利益後，取得參與研究之同意。
特需領域/獨立研究	特需領域/獨立研究	特獨 2a-II-1	了解獨立研究的基本內涵及應有的流程步驟。
特需領域/獨立研究	特需領域/獨立研究	特獨 2a-II-2	認識目前常見的研究方法(例如：調查研究、實驗法等)，並選用適合的研究方法進行研究。
特需領域/獨立研究	特需領域/獨立研究	特獨 2a-III-1	了解獨立研究的內涵及程序，並能運用於獨立研究中。
特需領域/獨立研究	特需領域/獨立研究	特獨 2a-III-2	針對不同的研究問題認識不同的研究方法，並選用適合的研究方法進行研究。
特需領域/獨立研究	特需領域/獨立研究	特獨 2a-IV-1	選用適當的研究方法及程序，並運用於獨立研究中。
特需領域/獨立研究	特需領域/獨立研究	特獨 2b-II-1	將蒐集的數據或資料，依內容結構脈絡加以分析與歸納，提出可能需要釐清之處。
特需領域/獨立研究	特需領域/獨立研究	特獨 2b-II-2	將蒐集的數據或資料，進行簡單紀錄與分類，依據領域知識，提出自己的看法或解釋。
特需領域/獨立研究	特需領域/獨立研究	特獨 2b-II-3	知道觀察、記錄或蒐集資料所得的現象、結果是有原因，並依據領域知識，說明自己的主張、理由及證據。
特需領域/獨立研究	特需領域/獨立研究	特獨 2b-III-1	將蒐集的數據或資料，依據習得的知識，思考資料的正確性及辨別他人資訊與事實的差異。
特需領域/獨立研究	特需領域/獨立研究	特獨 2b-III-2	依據領域知識，對自己蒐集資料或數據，抱持合理的懷疑態度，提出自己看法、解釋或實例加以驗證。
特需領域/獨立研究	特需領域/獨立研究	特獨 2b-III-3	知道自己及他人所觀察、記錄或蒐集資料所得的現象、結果，察覺與領域知識的關係。
特需領域/獨立研究	特需領域/獨立研究	特獨 2b-III-4	提出自己的主張、理由及證據，並了解與他人的差異。
特需領域/獨立研究	特需領域/獨立研究	特獨 2b-IV-1	將蒐集的數據或資料，加以分析、比較，提出關聯與差異。
特需領域/獨立研究	特需領域/獨立研究	特獨 2b-IV-2	比較與判斷自己及他人對於蒐集資料的解釋，在方法及程序上合理性，並提出問題或批判，並用實證加以驗證之。
特需領域/獨立研究	特需領域/獨立研究	特獨 2b-IV-3	知道自己及他人所觀察、記錄或蒐集資料所得的現象、實驗數據，並推論其中的關聯性。
特需領域/獨立研究	特需領域/獨立研究	特獨 2b-IV-4	運用領域知識，提出自己的主張、理由及證據，解釋自己的觀點。
特需領域/獨立研究	特需領域/獨立研究	特獨 2b-IV-5	運用簡單數理演算公式、科學證據或理論，理解領域知識或理論及其因果關係，或提出他人論點限制，進而提出不同論點。
特需領域/獨立研究	特需領域/獨立研究	特獨 2c-II-1	在各領域嘗試提出不同問題。
特需領域/獨立研究	特需領域/獨立研究	特獨 2c-II-2	列舉與問題相關的資訊或資源。
特需領域/獨立研究	特需領域/獨立研究	特獨 2c-II-3	針對問題提出各種解決的構想。
特需領域/獨立研究	特需領域/獨立研究	特獨 2c-II-4	遇到問題時，能確認問題性質，養成實際動手嘗試解決的習慣。
特需領域/獨立研究	特需領域/獨立研究	特獨 2c-III-1	經常思考與提出待解決的問題。
特需領域/獨立研究	特需領域/獨立研究	特獨 2c-III-2	從多元管道來源蒐集與問題相關的資訊或資源。
特需領域/獨立研究	特需領域/獨立研究	特獨 2c-III-3	對各種問題解決的構想，加以探討調整的可能性。
特需領域/獨立研究	特需領域/獨立研究	特獨 2c-III-4	善用各種創意技法產生不同問題解決的構想。
特需領域/獨立研究	特需領域/獨立研究	特獨 2c-III-5	承接問題，考量相關因素，適時與他人共同合作，規劃問題解決的步驟，並嘗試解決，獲得成果。
特需領域/獨立研究	特需領域/獨立研究	特獨 2c-IV-1	對問題尚未釐清的部分蒐集多元資訊。
特需領域/獨立研究	特需領域/獨立研究	特獨 2c-IV-2	歸納不同解決問題的方式可能會產生的結果。
特需領域/獨立研究	特需領域/獨立研究	特獨 2c-IV-3	預測問題解決構想在實行時可能產生的困難與解決方法。
特需領域/獨立研究	特需領域/獨立研究	特獨 2c-IV-4	重組原有問題解決構想產出新穎的構想。
特需領域/獨立研究	特需領域/獨立研究	特獨 2c-IV-5	承接問題，並能有效、合理的去處理，獲得可信的成果。
特需領域/獨立研究	特需領域/獨立研究	特獨 2d-II-1	參與教師設計獨立研究課程進行學習，並對感興趣內容，持續投入。
特需領域/獨立研究	特需領域/獨立研究	特獨 2d-II-2	完成教師安排獨立研究學習任務，並接受教師評量及回饋。
特需領域/獨立研究	特需領域/獨立研究	特獨 2d-III-1	從教師設計獨立研究課程內容選擇，並依照自己的進度進行學習。
特需領域/獨立研究	特需領域/獨立研究	特獨 2d-III-2	針對教師的評量與回饋予以回應，並加以討論及檢討。
特需領域/獨立研究	特需領域/獨立研究	特獨 2d-IV-1	與教師共同建構獨立研究內容或計畫，決定學習範圍、順序與進度。
特需領域/獨立研究	特需領域/獨立研究	特獨 2d-IV-2	與教師共同討論、選擇評量的標準，並接受評量與回饋。
特需領域/獨立研究	特需領域/獨立研究	特獨 3a-II-1	從日常生活、課堂學習及自然環境中察覺問題。
特需領域/獨立研究	特需領域/獨立研究	特獨 3a-II-2	依據觀察、蒐集資料、閱讀、思考及討論等提出問題。
特需領域/獨立研究	特需領域/獨立研究	特獨 3a-III-1	從日常生活、課堂學習、自然環境及科技運用中，進行有計畫的觀察後進而察覺問題。
特需領域/獨立研究	特需領域/獨立研究	特獨 3a-III-2	依據觀察、蒐集資料、閱讀、思考及討論提出適合探究的問題。
特需領域/獨立研究	特需領域/獨立研究	特獨 3a-IV-1	從日常生活、課堂學習、自然環境科技運用及社會議題中，進行有計畫的多方觀察後進而察覺問題。
特需領域/獨立研究	特需領域/獨立研究	特獨 3a-IV-2	依據觀察、蒐集資料、閱讀、思考及討論等提出多個適合探究的問題或假說，而後分辦並界定最重要之問題或假說。
特需領域/獨立研究	特需領域/獨立研究	特獨 3b-II-1	了解研究計畫的重要性及功能。
特需領域/獨立研究	特需領域/獨立研究	特獨 3b-II-2	依據研究主題，規劃簡單的研究活動。
特需領域/獨立研究	特需領域/獨立研究	特獨 3b-III-1	了解研究計畫內容及撰寫方式。
特需領域/獨立研究	特需領域/獨立研究	特獨 3b-III-2	根據研究問題、資源，規劃研究計畫並依進度執行。
特需領域/獨立研究	特需領域/獨立研究	特獨 3b-IV-1	依據教師指導，根據研究問題、資源期望成果等，規劃最佳化研究計畫。
特需領域/獨立研究	特需領域/獨立研究	特獨 3b-IV-2	了解研究計畫內容，並能適時彈性調整。
特需領域/獨立研究	特需領域/獨立研究	特獨 3c-II-1	運用圖書館、網路等，依據研究主題搜尋相關資料。
特需領域/獨立研究	特需領域/獨立研究	特獨 3c-II-2	了解分辨蒐集資料的真實性之原則及重要性。
特需領域/獨立研究	特需領域/獨立研究	特獨 3c-II-3	將教師提供或自行蒐集文獻資料閱讀後並指出與研究主題相關內容。
特需領域/獨立研究	特需領域/獨立研究	特獨 3c-III-1	運用圖書館、網路等，依據研究主題使用進階的搜尋方式，搜尋相關資料。
特需領域/獨立研究	特需領域/獨立研究	特獨 3c-III-2	分辨所蒐集資料的真實性程度。
特需領域/獨立研究	特需領域/獨立研究	特獨 3c-III-3	將教師提供或自行蒐集文獻資料閱讀並進行整理及摘錄重點。
特需領域/獨立研究	特需領域/獨立研究	特獨 3c-IV-1	運用圖書館、網路、線上資料庫、期刊等，依據研究主題，搜尋相關資料。
特需領域/獨立研究	特需領域/獨立研究	特獨 3c-IV-2	將蒐集文獻資料，運用適當檢驗原則分辨資料的真偽。
特需領域/獨立研究	特需領域/獨立研究	特獨 3c-IV-3	將蒐集文獻資料，運用適當資料分類方式進行整理並評析。
特需領域/獨立研究	特需領域/獨立研究	特獨 3d-II-1	認識基本研究工具種類。
特需領域/獨立研究	特需領域/獨立研究	特獨 3d-II-2	了解安全操作研究物品、器材儀器、科技設備與資源之重要性並願意嘗試。
特需領域/獨立研究	特需領域/獨立研究	特獨 3d-III-1	認識研究工具種類及用途，並依據研究主題挑選適合研究工具。
特需領域/獨立研究	特需領域/獨立研究	特獨 3d-III-2	依據教師示範步驟，正確安全操作研究物品、器材儀器、科技設備與資源。
特需領域/獨立研究	特需領域/獨立研究	特獨 3d-IV-1	依據研究主題，了解研究工具種類及用途，挑選適合研究工具。
特需領域/獨立研究	特需領域/獨立研究	特獨 3d-IV-2	獨立或依據操作指引，正確安全操作研究物品、器材儀器、科技設備與資源。
特需領域/獨立研究	特需領域/獨立研究	特獨 3e-II-1	撰寫研究日誌、製作圖表等方法，整理、分析及比較已有的資訊或數據。
特需領域/獨立研究	特需領域/獨立研究	特獨 3e-II-2	從得到的資訊或數據，依據研究問題，提出研究結果。
特需領域/獨立研究	特需領域/獨立研究	特獨 3e-III-1	撰寫研究日誌、製作圖表、使用統計等方法，整理、分析及比較已有的資訊或數據。
特需領域/獨立研究	特需領域/獨立研究	特獨 3e-III-2	從得到的資訊或數據，形成解釋、獲知因果關係。
特需領域/獨立研究	特需領域/獨立研究	特獨 3e-III-3	從得到的資訊或數據，提出研究結果與發現。
特需領域/獨立研究	特需領域/獨立研究	特獨 3e-III-4	從得到的資訊或數據，解決問題或發現新問題。
特需領域/獨立研究	特需領域/獨立研究	特獨 3e-IV-1	運用思考能力、撰寫研究日誌、製作圖表、使用統計等方法，有效整理分析及比較已有的資訊或數據。
特需領域/獨立研究	特需領域/獨立研究	特獨 3e-IV-2	從得到的資訊或數據，分析出差異，形成解釋、獲知因果關係。
特需領域/獨立研究	特需領域/獨立研究	特獨 3e-IV-3	從得到的資訊或數據，分析出差異，提出研究結果與發現。
特需領域/獨立研究	特需領域/獨立研究	特獨 3e-IV-4	從得到的資訊或數據，分析出差異，解決問題或發現新問題。
特需領域/獨立研究	特需領域/獨立研究	特獨 3f-II-1	於研究過程與成果展現中能感知、探索藝術與美感的元素和形式。
特需領域/獨立研究	特需領域/獨立研究	特獨 3f-II-2	發現自己研究成果中的藝術與美感元素。
特需領域/獨立研究	特需領域/獨立研究	特獨 3f-II-3	能以個人或小組合作方式，運用簡單形式展現研究過程與成果。
特需領域/獨立研究	特需領域/獨立研究	特獨 3f-III-1	於研究過程與成果展現中，能表現藝術與美感的元素和技巧。
特需領域/獨立研究	特需領域/獨立研究	特獨 3f-III-2	發現研究成果展現中的藝術與美感構成要素與形式原理。
特需領域/獨立研究	特需領域/獨立研究	特獨 3f-III-3	以個人或小組合作方式，運用複雜形式展現研究過程、成果、價值及限制等。
特需領域/獨立研究	特需領域/獨立研究	特獨 3f-IV-1	使用藝術與美感構成要素和形式原理，融入研究成果展現中。
特需領域/獨立研究	特需領域/獨立研究	特獨 3f-IV-2	於研究過程與成果展現中，能運用藝術與美感特定元素、形式、技巧與肢體語彙表現想法。
特需領域/獨立研究	特需領域/獨立研究	特獨 3f-IV-3	靈活運用各種形式，嚴謹展現研究過程、成果、價值及限制等。
特需領域/獨立研究	特需領域/獨立研究	特獨 3g-II-1	透過教師引導，對研究過程及結果說出優缺點。
特需領域/獨立研究	特需領域/獨立研究	特獨 3g-II-2	透過教師引導，發現研究過程與結果的問題及困難。
特需領域/獨立研究	特需領域/獨立研究	特獨 3g-III-1	透過教師引導或檢核表，對研究過程及結果進行自我評鑑。
特需領域/獨立研究	特需領域/獨立研究	特獨 3g-III-2	依據自我評鑑結果指出研究之優缺點。
特需領域/獨立研究	特需領域/獨立研究	特獨 3g-IV-1	透過檢核表或他人回饋，能對研究過程及結果進行自我評鑑。
特需領域/領導	特需領域/領導	特獨 3g-IV-2	針對研究成果評鑑之結果，提出具體建議或改善方案。
特需領域/領導	特需領域/領導	特領 1a-II-1	正確說明任務的目標。
特需領域/領導	特需領域/領導	特領 1a-II-2	清楚解釋被指派的任務。
特需領域/領導	特需領域/領導	特領 1a-II-3	說明自己在任務中應承擔的責任。
特需領域/領導	特需領域/領導	特領 1a-III-1	釐清成員彼此的責任。
特需領域/領導	特需領域/領導	特領 1a-III-2	掌握在不同任務中自己應承擔的責任。
特需領域/領導	特需領域/領導	特領 1a-III-3	對具有挑戰性的任務設定階段性的目標。
特需領域/領導	特需領域/領導	特領 1a-IV-1	採用民主程序訂定任務目標。
特需領域/領導	特需領域/領導	特領 1a-IV-2	設定比任務要求更高遠的目標。
特需領域/領導	特需領域/領導	特領 1a-IV-3	以民主的方式劃分成員的任務與權限範圍。
特需領域/領導	特需領域/領導	特領 1b-II-1	設定任務的目標。
特需領域/領導	特需領域/領導	特領 1b-II-2	訂定任務的執行流程。
特需領域/領導	特需領域/領導	特領 1b-II-3	針對被指派的任務訂定時程。
特需領域/領導	特需領域/領導	特領 1b-III-1	自行訂定短期任務計畫。
特需領域/領導	特需領域/領導	特領 1b-III-2	主動邀請成員共同訂定短期任務計畫。
特需領域/領導	特需領域/領導	特領 1b-III-3	接受他人建議修正短期任務計畫。
特需領域/領導	特需領域/領導	特領 1b-IV-1	自己(或邀集成員)訂定長期任務計畫。
特需領域/領導	特需領域/領導	特領 1b-IV-2	針對計畫內容分派適當的負責人。
特需領域/領導	特需領域/領導	特領 1b-IV-3	使用各種策略評估計畫成效。
特需領域/領導	特需領域/領導	特領 1c-II-1	分辨各種線索與任務之間的關連性。
特需領域/領導	特需領域/領導	特領 1c-II-2	掌握任務內容與目標的關連。
特需領域/領導	特需領域/領導	特領 1c-II-3	執行任務中遇到困難時會求助他人或尋求更多解決資訊。
特需領域/領導	特需領域/領導	特領 1c-II-4	評估現有表現與責任要求之間的差異。
特需領域/領導	特需領域/領導	特領 1c-III-1	執行任務時能掌握任務的核心目標。
特需領域/領導	特需領域/領導	特領 1c-III-2	執行任務時能掌握複雜訊息的重點。
特需領域/領導	特需領域/領導	特領 1c-III-3	根據任務進度確實執行。
特需領域/領導	特需領域/領導	特領 1c-III-4	彙整成員所提出與任務相關的難題，尋求協助或更多資訊與解決策略。
特需領域/領導	特需領域/領導	特領 1c-III-5	運用適當策略，避免與他人產生爭執或衝突。
特需領域/領導	特需領域/領導	特領 1c-IV-1	評估新訊息與任務進度之間的關連性。
特需領域/領導	特需領域/領導	特領 1c-IV-2	整合所有任務相關資源。
特需領域/領導	特需領域/領導	特領 1c-IV-3	執行任務時能與成員討論各種可能造成的突發狀況。
特需領域/領導	特需領域/領導	特領 2a-II-1	以適切的態度與成員溝通。
特需領域/領導	特需領域/領導	特領 2a-II-2	在陌生環境中能主動與人交談互動。
特需領域/領導	特需領域/領導	特領 2a-II-3	主動安慰受傷或情緒不佳的成員。
特需領域/領導	特需領域/領導	特領 2a-II-4	願意承認自己的錯誤。
特需領域/領導	特需領域/領導	特領 2a-II-5	勇於為自己造成的錯誤向對方真誠的道歉並修正行為。
特需領域/領導	特需領域/領導	特領 2a-II-6	運用感受力與想像力覺察團體生活中美善的人事物。
特需領域/領導	特需領域/領導	特領 2a-III-1	主動關心成員，與之互動。
特需領域/領導	特需領域/領導	特領 2a-III-2	察覺成員的負面情緒，必要時尋求他人協助。
特需領域/領導	特需領域/領導	特領 2a-III-3	傾聽成員的心聲。
特需領域/領導	特需領域/領導	特領 2a-III-4	尊重、支持成員的特點。
特需領域/領導	特需領域/領導	特領 2a-III-5	察覺成員之間衝突的原因，必要時尋求他人協助。
特需領域/領導	特需領域/領導	特領 2a-III-6	表達分享團體生活中的美感經驗。
特需領域/領導	特需領域/領導	特領 2a-IV-1	以正面、體諒的態度與成員相處。
特需領域/領導	特需領域/領導	特領 2a-IV-2	適當回應成員的情緒表達。
特需領域/領導	特需領域/領導	特領 2a-IV-3	以同理心與成員溝通互動。
特需領域/領導	特需領域/領導	特領 2a-IV-4	協助成員滿足其心理需求。
特需領域/領導	特需領域/領導	特領 2a-IV-5	以彼此接受的方式解決人際衝突。
特需領域/領導	特需領域/領導	特領 2a-IV-6	綜合運用多種能力與形式，促進團體生活中的美感。
特需領域/領導	特需領域/領導	特領 2b-II-1	在引導下，嘗試不同的解決問題方法。
特需領域/領導	特需領域/領導	特領 2b-II-2	小組合作時能關心進度落後的成員。
特需領域/領導	特需領域/領導	特領 2b-III-1	使用各種不同的解決問題方法。
特需領域/領導	特需領域/領導	特領 2b-III-2	在團隊中分享完成複雜任務的經驗。
特需領域/領導	特需領域/領導	特領 2b-III-3	當成員遇到困難時能給予具體的建議。
特需領域/領導	特需領域/領導	特領 2b-III-4	在團隊合作中發揮潛能，並能兼顧他人權益。
特需領域/領導	特需領域/領導	特領 2b-IV-1	肯定成員執行任務的能力。
特需領域/領導	特需領域/領導	特領 2b-IV-2	協助成員察覺造成困難之成因。
特需領域/領導	特需領域/領導	特領 2b-IV-3	提供成員解決問題的學習典範。
特需領域/領導	特需領域/領導	特領 2b-IV-4	提供成員練習解決問題的機會。
特需領域/領導	特需領域/領導	特領 2b-IV-5	協助成員找尋提升能力的學習管道。
特需領域/領導	特需領域/領導	特領 2c-II-1	執行任務時能盡力付出。
特需領域/領導	特需領域/領導	特領 2c-II-2	體認成員互助的重要性。
特需領域/領導	特需領域/領導	特領 2c-III-1	察覺成員的貢獻。
特需領域/領導	特需領域/領導	特領 2c-III-2	察覺努力與結果之間的關連性。
特需領域/領導	特需領域/領導	特領 2c-IV-1	在合作中營造互相激勵的學習情境。
特需領域/領導	特需領域/領導	特領 2c-IV-2	執行任務時能表揚成員的優異之處。
特需領域/領導	特需領域/領導	特領 2c-IV-3	成果不如預期時，能體察成員的貢獻。
特需領域/領導	特需領域/領導	特領 3a-II-1	了解團體中的基本道德規範。
特需領域/領導	特需領域/領導	特領 3a-II-2	蒐集與任務相關的各種資訊。
特需領域/領導	特需領域/領導	特領 3a-II-3	欣賞團隊或個人的付出。
特需領域/領導	特需領域/領導	特領 3a-II-4	在任務中分析自己的成長或收穫。
特需領域/領導	特需領域/領導	特領 3a-III-1	區辦個人與團體的道德規範。
特需領域/領導	特需領域/領導	特領 3a-III-2	分析各種相關資訊再做決定。
特需領域/領導	特需領域/領導	特領 3a-III-3	分辨環境中各種因素對任務執行可能產生的影響。
特需領域/領導	特需領域/領導	特領 3a-III-4	欣賞團隊或個人最佳表現者的成功之處。
特需領域/領導	特需領域/領導	特領 3a-IV-1	檢視團隊計畫中可能隱含的價值觀或偏見。
特需領域/領導	特需領域/領導	特領 3a-IV-2	開發和運用所擁有的人力及物力資源。
特需領域/領導	特需領域/領導	特領 3a-IV-3	分析外在環境的異同處，並加以選擇或統整。
特需領域/領導	特需領域/領導	特領 3a-IV-4	分析自己與競爭者各項條件的差異。
特需領域/領導	特需領域/領導	特領 3a-IV-5	欣賞各種領導藝術的風格和價值。
特需領域/領導	特需領域/領導	特領 3a-IV-6	主動參與公益活動。
特需領域/領導	特需領域/領導	特領 3b-II-1	遵守團隊規範。
特需領域/領導	特需領域/領導	特領 3b-II-2	配合團隊運作達成目標。
特需領域/領導	特需領域/領導	特領 3b-II-3	充分了解領導者所設定的任務目標。
特需領域/領導	特需領域/領導	特領 3b-III-1	利用各種策略幫助成員了解任務的目標。
特需領域/領導	特需領域/領導	特領 3b-III-2	與成員共同建立團隊目標。
特需領域/領導	特需領域/領導	特領 3b-III-3	認識與包容團隊成員的多元性。
特需領域/領導	特需領域/領導	特領 3b-IV-1	根據團隊現有優勢設定欲達成的目標。
特需領域/領導	特需領域/領導	特領 3b-IV-2	與成員共同分析影響目標達成的相關要素。
特需領域/領導	特需領域/領導	特領 3b-IV-3	與成員共同擬定達成目標所需的行動。
特需領域/領導	特需領域/領導	特領 3b-IV-4	協助成員解決達成目標過程中的困難。
特需領域/領導	特需領域/領導	特領 3b-IV-5	藉由鼓勵成員學習，提升團隊整體能力，逐步達成預期目標。
特需領域/領導	特需領域/領導	特領 3b-IV-6	尊重與欣賞團隊成員的多元性。
社會領域	社會領域	社-1a-II-1	辨別社會生活中的事實與意見。
社會領域	社會領域	社-1a-II-2	分辨社會事物的類別或先後順序。
社會領域	社會領域	社-1a-II-3	舉例說明社會事物與環境的互動、差異或變遷現象。
社會領域	社會領域	社-1a-III-1	舉例說明探究社會領域的意義及方法。
社會領域	社會領域	社-1a-III-2	舉例說明在個人生活或民主社會中對各項議題做選擇的理由及其影響。
社會領域	社會領域	社-1b-II-1	解釋社會事物與環境之間的關係。
社會領域	社會領域	社-1b-III-1	檢視社會現象中不同的意見，分析其觀點與立場。
社會領域	社會領域	社-1b-III-2	理解各種事實或社會現象的關係，並歸納出其間的關係或規律性。
社會領域	社會領域	社-1b-III-3	解析特定人物、族群與事件在所處時間、空間脈絡中的位置與意義。
社會領域	社會領域	社-1c-II-1	判斷個人生活或民主社會中各項選擇的合宜性。
社會領域	社會領域	社-1c-III-1	評論社會議題處理方案的優缺點，並提出個人的看法。
社會領域	社會領域	社-1c-III-2	檢視社會現象或事件之間的關係，並想像在不同的條件下，推測其可能的發展。
社會領域	社會領域	社-2a-II-1	關注居住地方社會事物與環境的互動、差異與變遷等問題。
社會領域	社會領域	社-2a-II-2	表達對居住地方社會事物與環境的關懷。
社會領域	社會領域	社-2a-III-1	關注社會、自然、人文環境與生活方式的互動關係。
社會領域	社會領域	社-2a-III-2	表達對在地與全球議題的關懷。
社會領域	社會領域	社-2b-II-1	體認人們對生活事物與環境有不同的感受，並加以尊重。
社會領域	社會領域	社-2b-II-2	感受與欣賞不同文化的特色。
社會領域	社會領域	社-2b-III-1	體認人們對社會事物與環境有不同的認知、感受、意見與表現方式，並加以尊重。
社會領域	社會領域	社-2b-III-2	理解不同文化的特色，欣賞並尊重文化的多樣性。
社會領域	社會領域	社-2c-II-1	省思個人的生活習慣與在群體中的角色扮演，尊重人我差異，避免對他人產生偏見。
社會領域	社會領域	社-2c-II-2	澄清及珍視自己的角色與權利，並具備責任感。
社會領域	社會領域	社-2c-III-1	反省自己或社會的價值觀、偏見與歧視，並探究其緣由。
社會領域	社會領域	社-2c-III-2	體認並願意維護公民價值與生活方式。
社會領域	社會領域	社-2c-III-3	澄清及珍視自己的公民身分，並具備對國家及文化的認同感。
社會領域	社會領域	社-3a-II-1	透過日常觀察與省思，對社會事物與環境提出感興趣的問題。
社會領域	社會領域	社-3a-III-1	透過對時事的理解與省思，提出感興趣或令人困惑的現象及社會議題。
社會領域	社會領域	社-3b-II-1	透過適當的管道蒐集與學習主題相關的資料，並判讀其正確性。
社會領域	社會領域	社-3b-II-2	摘取相關資料中的重點。
社會領域	社會領域	社-3b-II-3	整理資料，製作簡易的圖表，並加以說明。
社會領域	社會領域	社-3b-III-1	透過適當的管道蒐集社會議題的相關資料，並兼顧不同觀點或意見。
社會領域	社會領域	社-3b-III-2	摘取及整理社會議題相關資料的重點，判讀其正確性及價值，並加以描述和解釋。
社會領域	社會領域	社-3c-II-1	聆聽他人的意見，並表達自己的看法。
社會領域	社會領域	社-3c-II-2	透過同儕合作進行體驗、探究與實作。
社會領域	社會領域	社-3c-III-1	聆聽他人意見，表達自我觀點，並能與他人討論。
社會領域	社會領域	社-3c-III-2	發揮各人不同的專長，透過分工進行團隊合作。
社會領域	社會領域	社-3c-III-3	主動分擔群體的事務，並與他人合作。
社會領域	社會領域	社-3d-II-1	探究問題發生的原因與影響，並尋求解決問題的可能做法。
社會領域	社會領域	社-3d-II-2	評估與選擇可能的做法，嘗試解決問題。
社會領域	社會領域	社-3d-II-3	將問題解決的過程與結果，進行報告分享或實作展演。
社會領域	社會領域	社-3d-III-1	選定學習主題或社會議題，進行探究與實作。
社會領域	社會領域	社-3d-III-2	探究社會議題發生的原因與影響，評估與選擇合適的解決方案。
社會領域	社會領域	社-3d-III-3	分享學習主題、社會議題探究的發現或執行經驗，並運用回饋資訊進行省思，尋求調整與創新。
自然領域	自然領域	自-ti-II-1	能在指導下觀察日常生活現象的規律性，並運用想像力與好奇心，了解及描述自然環境的現象。
自然領域	自然領域	自-ti-III-1	能運用好奇心察覺日常生活現象的規律性會因為某些改變而產生差異，並能依據已知的科學知識科學方法想像可能發生的事情，以察覺不同的方法，也常能做出不同的成品。
自然領域	自然領域	自-tr-II-1	能知道觀察、記錄所得自然現象的結果是有其原因的，並依據習得的知識，說明自己的想法。
自然領域	自然領域	自-tr-III-1	能將自己及他人所觀察、記錄的自然現象與習得的知識互相連結，察覺彼此間的關係，並提出自己的想法及知道與他人的差異。
自然領域	自然領域	自-tc-II-1	能簡單分辨或分類所觀察到的自然科學現象。
自然領域	自然領域	自-tc-III-1	能就所蒐集的數據或資料，進行簡單的記錄與分類，並依據習得的知識，思考資料的正確性及辨別他人資訊與事實的差異。
自然領域	自然領域	自-tm-II-1	能經由觀察自然界現象之間的關係，理解簡單的概念模型，進而與其生活經驗連結。
自然領域	自然領域	自-tm-III-1	能經由提問、觀察及實驗等歷程，探索自然界現象之間的關係，建立簡單的概念模型，並理解到有不同模型的存在。
自然領域	自然領域	自-po-II-1	能從日常經驗、學習活動、自然環境，進行觀察，進而能察覺問題。
自然領域	自然領域	自-po-II-2	能依據觀察、蒐集資料、閱讀、思考、討論等，提出問題。
自然領域	自然領域	自-po-III-1	能從學習活動、日常經驗及科技運用、自然環境、書刊及網路媒體等察覺問題。
自然領域	自然領域	自-po-III-2	能初步辨別適合科學探究的問題，並能依據觀察、蒐集資料、閱讀、思考、討論等，提出適宜探究之問題。
自然領域	自然領域	自-pe-II-1	能在教師或教科書的指導或說明下，能了解探究的計畫。了解一個因素改變可能造成的影響，進而預測活動的大致結果。
自然領域	自然領域	自-pe-II-2	能正確安全操作適合學習階段的物品、器材儀器、科技設備及資源，並能觀察和記錄。
自然領域	自然領域	自-pe-III-1	能在教師或教科書的指導或說明下，能了解探究的計畫，並進而能根據問題的特性、資源(設備等)的有無需等因素，規劃簡單的探究活動。了解自變項、應變項並預測改變時可能的影響和進行適當次數測量的意義。
自然領域	自然領域	自-pe-III-2	能正確安全操作適合學習階段的物品、器材儀器、科技設備及資源。能進行客觀的質性觀察或數值量測並詳實記錄。
自然領域	自然領域	自-pa-II-1	能運用簡單分類、製作圖表等方法，整理已有的資訊或數據。
自然領域	自然領域	自-pa-II-2	能從得到的資訊或數據，形成解釋、得到解答、解決問題。並能將自己的探究結果和他人的結果（例如：來自老師）相比較，檢查是否相近。
自然領域	自然領域	自-pa-III-1	能分析比較、製作圖表、運用簡單數學等方法，整理已有的資訊或數據。
自然領域	自然領域	自-pa-III-2	能從（所得的）資訊或數據，形成解釋、發現新知、獲知因果關係、解決問題或是發現新知。並能將自己的探究結果和他人的結果（例如：來自同學）比較對照，檢查相近探究是否有相近的結果。
自然領域	自然領域	自-pc-II-1	能專注聆聽同學報告，提出疑問或意見。並能對探究方法、過程或結果，進行檢討。
自然領域	自然領域	自-pc-II-2	能利用簡單形式的口語、文字或圖畫等，表達探究之過程、發現。
自然領域	自然領域	自-pc-III-1	能理解同學報告，提出合理的疑問或意見。並能對「所訂定的問題」、「探究方法」、「獲得之證據」及「探究之發現」等之間的符應情形，進行檢核並提出優點和弱點。
自然領域	自然領域	自-pc-III-2	能利用簡單形式的口語、文字、影像（例如：攝影、錄影）、繪圖或實物、科學名詞、數學公式、模型等，表達探究之過程、發現或成果。
自然領域	自然領域	自-ai-II-1	保持對自然現象的好奇心，透過不斷的探尋和提問，常會有新發現。
自然領域	自然領域	自-ai-II-2	透過探討自然與物質世界的規律性，感受發現的樂趣。
自然領域	自然領域	自-ai-II-3	透過動手實作，享受以成品來表現自己構想的樂趣。
自然領域	自然領域	自-ai-III-1	透過科學探索了解現象發生的原因或機制，滿足好奇心。
自然領域	自然領域	自-ai-III-2	透過成功的科學探索經驗，感受自然科學學習的樂趣。
自然領域	自然領域	自-ai-III-3	參與合作學習並與同儕有良好的互動經驗，享受學習科學的樂趣。
自然領域	自然領域	自-ah-II-1	透過各種感官了解生活週遭事物的屬性。
自然領域	自然領域	自-ah-II-2	透過有系統的分類與表達方式，與他人溝通自己的想法與發現。
自然領域	自然領域	自-ah-III-1	利用科學知識理解日常生活觀察到的現象。
自然領域	自然領域	自-ah-III-2	透過科學探究活動解決一部分生活週遭的問題。
自然領域	自然領域	自-an-II-1	體會科學的探索都是由問題開始。
自然領域	自然領域	自-an-II-2	察覺科學家們是利用不同的方式探索自然與物質世界的形式與規律。
自然領域	自然領域	自-an-II-3	發覺創造和想像是科學的重要元素。
自然領域	自然領域	自-an-III-1	透過科學探究活動，了解科學知識的基礎是來自於真實的經驗和證據。
自然領域	自然領域	自-an-III-2	發覺許多科學的主張與結論，會隨著新證據的出現而改變。
自然領域	自然領域	自-an-III-3	體認不同性別、族群等文化背景的人，都可成為科學家。
專長領域/科技與資訊	專長領域/科技與資訊	科-科議k-II-1	認識常見科技產品
專長領域/科技與資訊	專長領域/科技與資訊	科-科議k-II-2	概述科技發展與創新的歷程。
專長領域/科技與資訊	專長領域/科技與資訊	科-科議k-III-1	說明常見科技產品的用途與運作方式。
專長領域/科技與資訊	專長領域/科技與資訊	科-科議k-III-2	舉例說明推動科技發展與創新的原因。
專長領域/科技與資訊	專長領域/科技與資訊	科-科議a-II-1	描述科技對個人生活的影響。
專長領域/科技與資訊	專長領域/科技與資訊	科-科議a-III-1	覺察科技對生活的重要性。
專長領域/科技與資訊	專長領域/科技與資訊	科-科議a-II-2	體會動手實作的樂趣
專長領域/科技與資訊	專長領域/科技與資訊	科-科議a-III-2	展現動手實作的興趣及正向的科技態度。
專長領域/科技與資訊	專長領域/科技與資訊	科-科議s-II-1	繪製簡易草圖以呈現構想。
專長領域/科技與資訊	專長領域/科技與資訊	科-科議s-III-1	製作圖稿以呈現設計構想。
專長領域/科技與資訊	專長領域/科技與資訊	科-科議s-II-2	識別生活中常見的手工具與材料。
專長領域/科技與資訊	專長領域/科技與資訊	科-科議s-III-2	使用生活中常見的手工具與材料。
專長領域/科技與資訊	專長領域/科技與資訊	科-科議c-II-1	依據特定步驟製作物品。
專長領域/科技與資訊	專長領域/科技與資訊	科-科議c-III-1	依據設計構想動手實作。
專長領域/科技與資訊	專長領域/科技與資訊	科-科議c-II-2	體會創意思考的技巧
專長領域/科技與資訊	專長領域/科技與資訊	科-科議c-III-2	運用創意思考的技巧
專長領域/科技與資訊	專長領域/科技與資訊	科-科議c-II-3	體會合作問題解決的重要性。
專長領域/科技與資訊	專長領域/科技與資訊	科-科議c-III-3	展現合作問題解決的能力。
專長領域/科技與資訊	專長領域/科技與資訊	資議t-II-1	感受資訊科技與日常生活之關係。
專長領域/科技與資訊	專長領域/科技與資訊	資議t-II-2	體會資訊科技解決問題的過程。
專長領域/科技與資訊	專長領域/科技與資訊	資議t-II-3	認識以運算思維解決問題的過程。
專長領域/科技與資訊	專長領域/科技與資訊	資議t-III-1	理解資訊科技解決問題的流程。
專長領域/科技與資訊	專長領域/科技與資訊	資議t-III-2	運用資訊科技解決生活中的問題。
專長領域/科技與資訊	專長領域/科技與資訊	資議t-III-3	運用運算思維解決問題。
專長領域/科技與資訊	專長領域/科技與資訊	資議c-II-1	體驗運用科技與他人互動及合作的方法。
專長領域/科技與資訊	專長領域/科技與資訊	資議c-III-1	運用資訊科技與他人合作討論構想或創作作品。
專長領域/科技與資訊	專長領域/科技與資訊	資議p-II-1	認識以資訊科技溝通的方法。
專長領域/科技與資訊	專長領域/科技與資訊	資議p-II-2	描述數位資源的整理方法。
專長領域/科技與資訊	專長領域/科技與資訊	資議p-II-3	舉例說明以資訊科技分享資源的方法。
專長領域/科技與資訊	專長領域/科技與資訊	資議p-III-1	使用資訊科技與他人溝通互動。
專長領域/科技與資訊	專長領域/科技與資訊	資議p-III-2	使用數位資源的整理方法。
專長領域/科技與資訊	專長領域/科技與資訊	資議p-III-3	運用資訊科技分享學習資源與心得。
專長領域/科技與資訊	專長領域/科技與資訊	資議a-II-1	感受資訊科技於日常生活之重要性。
專長領域/科技與資訊	專長領域/科技與資訊	資議a-II-2	概述健康的資訊科技使用習慣。
專長領域/科技與資訊	專長領域/科技與資訊	資議a-II-3	領會資訊倫理的重要性。
專長領域/科技與資訊	專長領域/科技與資訊	資議a-III-1	理解資訊科技於日常生活之重要性。
專長領域/科技與資訊	專長領域/科技與資訊	資議a-III-2	建立健康的數位使用習慣與態度。
藝術領域	藝術領域	資議a-III-3	遵守資訊倫理規範。
藝術領域	藝術領域	藝-1-II-1	能透過聽唱、聽奏及讀譜，建立與展現歌唱及演奏的基本技巧。
藝術領域	藝術領域	藝-1-II-2	能探索視覺元素，並表達自我感受與想像。
藝術領域	藝術領域	藝-1-II-3	能試探媒材特性與技法，進行創作。
藝術領域	藝術領域	藝-1-II-4	能感知、探索與表現表演藝術的元素和形式。
藝術領域	藝術領域	藝-1-II-5	能依據引導，感知與探索音樂元素，嘗試簡易的即興，展現對創作的興趣。
藝術領域	藝術領域	藝-1-II-6	能使用視覺元素與想像力，豐富創作主題。
藝術領域	藝術領域	藝-1-II-7	能創作簡短的表演。
藝術領域	藝術領域	藝-1-II-8	能結合不同的媒材，以表演的形式表達想法。
藝術領域	藝術領域	藝-2-II-1	能使用音樂語彙、肢體等多元素方式，回應聆聽的感受。
藝術領域	藝術領域	藝-2-II-2	能發現生活中的視覺元素，並表達自己的情感。
藝術領域	藝術領域	藝-2-II-3	能表達參與表演藝術活動的感知，以表達情感。
藝術領域	藝術領域	藝-2-II-4	能認識與描述樂曲創作背景，體會音樂與生活的關聯。
藝術領域	藝術領域	藝-2-II-5	能觀察生活物件與藝術作品，並珍視自己與他人的創作。
藝術領域	藝術領域	藝-2-II-6	能認識國內不同型態的表演藝術。
藝術領域	藝術領域	藝-2-II-7	能描述自己和他人作品的特徵。
藝術領域	藝術領域	藝-3-II-1	能樂於參與各類藝術活動，探索自己的藝術興趣與能力，並展現欣賞禮儀。
藝術領域	藝術領域	藝-3-II-2	能觀察並體會藝術與生活的關係。
藝術領域	藝術領域	藝-3-II-3	能為不同對象、空間或情境，選擇音樂、色彩、布置、場景等，以豐富美感經驗。
藝術領域	藝術領域	藝-3-II-4	能透過物件蒐集或藝術創作，美化生活環境。
藝術領域	藝術領域	藝-3-II-5	能透過藝術表現形式，認識與探索群己關係及互動。
藝術領域	藝術領域	藝-1-III-1	能透過聽唱、聽奏及讀譜，進行歌唱及演奏，以表達情感。
藝術領域	藝術領域	藝-1-III-2	能使用視覺元素和構成要素，探索創作歷程。
藝術領域	藝術領域	藝-1-III-3	能學習多元媒材與技法，表現創作主題。
藝術領域	藝術領域	藝-1-III-4	能感知、探索與表現表演藝術的元素、技巧。
藝術領域	藝術領域	藝-1-III-5	能探索並使用音樂元素，進行簡易創作，表達自我的思想與情感。
藝術領域	藝術領域	藝-1-III-6	能學習設計思考，進行創意發想和實作。
藝術領域	藝術領域	藝-1-III-7	能構思表演的創作主題與內容。
藝術領域	藝術領域	藝-1-III-8	能嘗試不同創作形式，從事展演活動。
藝術領域	藝術領域	藝-2-III-1	能使用適當的音樂語彙，描述各類音樂作品及唱奏表現，以分享美感經驗。
藝術領域	藝術領域	藝-2-III-2	能發現藝術作品中的構成要素與形式原理，並表達自己的想法。
藝術領域	藝術領域	藝-2-III-3	能反思與回應表演和生活的關係。
藝術領域	藝術領域	藝-2-III-4	能探索樂曲創作背景與生活的關聯，並表達自我觀點，以體認音樂的藝術價值。
藝術領域	藝術領域	藝-2-III-5	能表達對生活物件及藝術作品的看法，並欣賞不同的藝術與文化。
藝術領域	藝術領域	藝-2-III-6	能區分表演藝術類型與特色。
藝術領域	藝術領域	藝-2-III-7	能理解與詮釋表演藝術的構成要素，並表達意見。
藝術領域	藝術領域	藝-3-III-1	能參與、記錄各類藝術活動，進而覺察在地及全球藝術文化。
藝術領域	藝術領域	藝-3-III-2	能了解藝術展演流程，並表現尊重、協調、溝通等能力。
藝術領域	藝術領域	藝-3-III-3	能應用各種媒體蒐集藝文資訊與展演內容。
藝術領域	藝術領域	藝-3-III-4	能與他人合作規劃藝術創作或展演，並扼要說明其中的美感。
藝術領域	藝術領域	藝-3-III-5	能透過藝術創作或展演覺察議題，表現人文關懷。